{
  "n_trades": 919,
  "n_decisions": 15000,
  "n_taken": 919,
  "n_rejected": 14081,
  "selectivity": 0.061266666666666664,
  "win_rate": 0.8966267682263329,
  "profit_factor": 3.0504749462049077,
  "expectancy_usd": 18.544162518088743,
  "total_pnl": 17042.085354123556,
  "total_return": 8.521042677061775,
  "max_drawdown_pct": 0.08000000000000011,
  "avg_drawdown_pct": 0.003084025081746855,
  "brier": 0.14315294853588686,
  "avg_edge_taken": 0.2125295209198186,
  "avg_conviction_winners": 0.9999686733098231,
  "avg_conviction_losers": 0.9999624481165542,
  "wr_by_conviction": {
    "0.97-1.00": 0.8966267682263329
  },
  "wr_by_edge": {
    "0.10-0.15": 0.9239130434782609,
    "0.15+": 0.8935912938331319
  },
  "wr_by_category": {
    "crypto": 0.8894230769230769,
    "economics": 0.92,
    "elections": 0.8785425101214575,
    "sports": 0.897196261682243
  },
  "wr_by_dtr": {
    "0-5d": 0.9275862068965517,
    "21-60d": 0.8496732026143791,
    "5-21d": 0.8894348894348895,
    "60d+": 0.9130434782608695
  },
  "target_met": true,
  "plain_english": "In plain English: the bot looked at 15000 decision points, took 919 trades (6.1% selectivity), and won 89.7% of them. That clears the 80% win-rate goal with drawdown under the 15% hard cap \u2014 the Beta conviction + extreme-q filters are doing their job by skipping weak mid-odds bets.",
  "notes": []
}