{
  "n_trades": 866,
  "n_decisions": 15000,
  "n_taken": 866,
  "n_rejected": 14134,
  "selectivity": 0.05773333333333333,
  "win_rate": 0.9110854503464203,
  "profit_factor": 3.284277762843299,
  "expectancy_usd": 20.39878400848661,
  "total_pnl": 17665.346951349406,
  "total_return": 8.832673475674701,
  "max_drawdown_pct": 0.1000000000000001,
  "avg_drawdown_pct": 0.003489714340230787,
  "brier": 0.14315294853588686,
  "avg_edge_taken": 0.19641753906873574,
  "avg_conviction_winners": 0.9998871859823715,
  "avg_conviction_losers": 0.9998720690575735,
  "wr_by_conviction": {
    "0.97-1.00": 0.9110854503464203
  },
  "wr_by_edge": {
    "0.10-0.15": 0.9139344262295082,
    "0.15+": 0.909967845659164
  },
  "wr_by_category": {
    "crypto": 0.9061032863849765,
    "economics": 0.9203539823008849,
    "elections": 0.8859649122807017,
    "sports": 0.9346733668341709
  },
  "wr_by_dtr": {
    "0-5d": 0.9368770764119602,
    "21-60d": 0.890625,
    "5-21d": 0.8926701570680629,
    "60d+": 0.9454545454545454
  },
  "target_met": true,
  "plain_english": "In plain English: the bot looked at 15000 decision points, took 866 trades (5.8% selectivity), and won 91.1% of them. That clears the 80% win-rate goal with drawdown under the 15% hard cap \u2014 the Beta conviction + extreme-q filters are doing their job by skipping weak mid-odds bets.",
  "notes": []
}